{
    "laws":[
       {
          "id":1,
          "title":"Title and extent of operation of the Code",
          "description":"This Act shall be called the Pakistan Penal Code, and shall take effect throughout Pakistan."
       },
       {
          "id":2,
          "title":"Punishment of offences committed within Pakistan",
          "description":"Every person shall be liable to punishment under this Code and not otherwise for every act or omission contrary to the provisions thereof, of which he shall be guilty within Pakistan."
       },
       {
          "id":3,
          "title":"Punishment of offences committed beyond, but which by law may be tried within, Pakistan",
          "description":"Any persons liable, by any Pakistan Law, to be tried for an offence committed beyond Pakistan shall be dealt with according to the provision of this Code for any act committed beyond Pakistan in the same manner as if such act had been committed within Pakistan."
       },
       {
          "id":4,
          "title":"Extension of Code to extra­territorial offences",
          "description":"The provisions of this Code apply also to any offence committed by (1) any citizen of Pakistan or any person in the service of Pakistan in any place without and beyond Pakistan; (4) any person on any ship or aircraft registered in Pakistan wherever it may be."
       },
       {
          "id":5,
          "title":"Certain laws not to be affected by this Act",
          "description":"Nothing in this Act is intended to repeal, vary, suspend, or affect any of the provisions of any Act for punishing mutiny and desertion of officers, soldiers, sailors, or airmen in the service of the State or of any special or local law."
       },
       {
          "id":6,
          "title":"Definitions in the Code to be understood subject to exceptions",
          "description":"Throughout this Code every definition of an offence, every penal provision and every illustration of every such definition or penal provision, shall be understood subject to the exceptions contained in the chapter entitled 'General Exceptions,' though those exceptions are not repeated in such definition, penal provision or illustration."
       },
       {
          "id":7,
          "title":"Sense of expression once explained",
          "description":"Every expression which is explained in any part of this Code is used in every part of this Code in conformity with the explanation."
       },
       {
          "id":8,
          "title":"Gender",
          "description":"The pronoun 'he' and its derivatives are used of any person, whether male or female."
       },
       {
          "id":9,
          "title":"Number",
          "description":"Unless the contrary appears from the context, words importing the singular number include the plural number, and words importing the plural number include the singular number."
       },
       {
          "id":10,
          "title":"\"Man\" \"Woman\"",
          "description":"The word 'man' denotes a male human being of any age: the word 'woman' denotes a female human being of any age."
       },
       {
          "id":11,
          "title":"\"Person\"",
          "description":"The word 'person' includes any Company or Association, or body of persons, whether incorporated or not."
       },
       {
          "id":12,
          "title":"\"Public\"",
          "description":"The word 'public' includes any class of the public or any community."
       },
       {
          "id":14,
          "title":"\"Servant of the State\"",
          "description":"The words 'servant of the State' denote all officers or servants continued, appointed, or employed in Pakistan, by or under the authority of the Federal Government or any Provincial Government."
       },
       {
          "id":17,
          "title":"\"Government\"",
          "description":"The word 'Government' denotes the person or persons authorized by law to administer executive Government in Pakistan, or in any part thereof."
       },
       {
          "id":19,
          "title":"\"Judge\"",
          "description":"The word 'Judge' denotes not only every person who is officially designated as a Judge but also every person who is empowered by law to give, in any legal proceeding, civil or criminal, a definitive judgment."
       },
       {
          "id":20,
          "title":"\"Court of Justice\"",
          "description":"The words 'Court of Justice' denote a Judge who is empowered by law to act judicially alone or a body of Judges which is empowered by law to act judicially as a body when such Judge or body of Judges is acting judicially."
       },
       {
          "id":21,
          "title":"\"Public servant\"",
          "description":"The words 'public servant' denote a person falling under any of the descriptions hereinafter following, namely: Second. Every Commissioned Officer in the Military [Naval or Air] Forces of [Pakistan] while serving under [the [Federal Government] or any Provincial Government]."
       },
       {
          "id":22,
          "title":"\"Moveable property\"",
          "description":"The words 'Moveable property' are intended to include corporeal property of every description, except land and things attached to the earth or permanently fastened to anything which is attached to the earth."
       },
       {
          "id":23,
          "title":"\"Wrongful gain\" and \"Wrongful loss\"",
          "description":"\"Wrongful gain\" is gain by unlawful means of property to which the person gaining is not legally entitled. \"Wrongful loss\" is the loss by unlawful means of property to which the person losing it is legally entitled. Gaining wrongfully. Losing wrongfully. A person is said to gain wrongfully when such person retains wrongfully, as well as when such person acquires wrongfully. A person is said to lose wrongfully when such person is wrongfully kept out of any property, as well as when such person is wrongfully deprived of property."
       },
       {
          "id":24,
          "title":"\"Dishonestly\"",
          "description":"Whoever does anything with the intention of causing wrongful gain to one person or wrongful loss to another person, is said to do that thing 'dishonestly.'"
       },
       {
          "id":25,
          "title":"\"Fraudulently\"",
          "description":"A person is said to do a thing fraudulently if he does that thing with the intent to defraud but not otherwise."
       },
       {
          "id":26,
          "title":"\"Reason to believe\"",
          "description":"A person is said to have 'reason to believe' a thing if he has sufficient cause to believe that thing but not otherwise."
       },
       {
          "id":27,
          "title":"Property in possession of wife, clerk or servant",
          "description":"When property is in the possession of a person's wife, clerk, or servant, on account of that person, it is in that person's possession within the meaning of this Code. Explanation. A person employed temporarily or on a particular occasion in the capacity of a clerk or servant is a clerk or servant within the meaning of this section."
       },
       {
          "id":28,
          "title":"\"Counterfeit\"",
          "description":"A person is said to 'counterfeit' who causes one thing to resemble another thing, intending by means of that resemblance to practice deception, or knowing it to be likely that deception will thereby be practiced."
       },
       {
          "id":29,
          "title":"\"Document\"",
          "description":"The word 'document' denotes any matter expressed or described upon any substance by means of letters, figures, or marks, or by more than one of those means, intended to be used, or which may be used, as evidence of that matter. Explanation 1. It is immaterial by what means or upon what substance the letters, figures, or marks are formed, or whether the evidence is intended for, or may be used in, a Court of Justice, or not."
       },
       {
          "id":30,
          "title":"\"Valuable security\"",
          "description":"The words 'valuable security' denote a document which is, or purports to be, a document whereby any legal right is created, extended, transferred, restricted, extinguished or released, or whereby any person acknowledges that he lies under legal liability, or has not a certain legal right. Illustration: 'A writes his name on the back of a bill of exchange. As the effect of this endorsement is to transfer the right to the bill to any person who may become the lawful holder of it, the endorsement is a 'valuable security.'"
       },
       {
          "id":31,
          "title":"\"A will\"",
          "description":"The words 'a will' denote any testamentary document."
       },
       {
          "id":32,
          "title":"Words referring to acts include illegal omissions",
          "description":"In every part of this Code, except where a contrary intention appears from the context, words which refer to acts done extend also to illegal omissions."
       },
       {
          "id":33,
          "title":"\"Act.\" \"Omission\"",
          "description":"The word 'act' denotes as well a series of acts as a single act; the word 'omission' denotes as well a series of omissions as a single omission."
       },
       {
          "id":34,
          "title":"Acts done by several persons in furtherance of common intention",
          "description":"When a criminal act is done by several persons, in furtherance of the common intention of all, each of such persons is liable for that act in the same manner as if it were done by him alone."
       },
       {
          "id":35,
          "title":"When such an act is criminal by reason of its being done with a criminal knowledge of intention",
          "description":"Whenever an act, which is criminal only by reason of its being done with a criminal knowledge or intention, is done by several persons, each of such persons who joins in the act with such knowledge or intention is liable for the act in the same manner as if the act were done by him alone with that knowledge or intention."
       },
       {
          "id":36,
          "title":"Effect caused partly by act and partly by omission",
          "description":"Wherever the causing of a certain effect, or an attempt to cause that effect, by an act or by an omission, is an offence, it is to be understood that the causing of that effect partly by an act and partly by an omission is the same offence. Illustration: 'A intentionally causes Z’s death, partly by illegally omitting to give Z food, and partly by beating Z. A has committed murder.'"
       },
       {
          "id":37,
          "title":"Co­operation by doing one of several acts constituting an offence",
          "description":"When an offence is committed by means of several acts, whoever intentionally co­operates in the commission of that offence by doing any one of those acts, either singly or jointly with any other person, commits that offence."
       },
       {
          "id":38,
          "title":"Persons concerned in criminal act may be guilty of different offences",
          "description":"Where several persons are engaged or concerned in the commission of a criminal act, they may be guilty of different offences by means of that act. Illustration: 'A attacks Z under such circumstances of grave provocation that his killing of Z would be only culpable homicide not amounting to murder. B having ill­will towards Z and intending to kill him, and not having been subject to the provocation, assists A in killing Z. Here, though A and B are both engaged in causing Z’s death, B is guilty of murder, and A is guilty only of culpable homicide."
       },
       {
          "id":39,
          "title":"\"Voluntarily\"",
          "description":"A person is said to cause an effect 'voluntarily' when he causes it by means whereby he intended to cause it, or by means which, at the time of employing those means, he knew or had reason to believe to be likely to cause it. Illustration: 'A sets fire, by night, to an inhabited house in a large town, for the purpose of facilitating robbery and thus causes the death of a person. Here, A may not have intended to cause death, and may even be sorry that death has been caused by his act: yet, if he knew that he was likely to cause death, he has caused death voluntarily.'"
       },
       {
          "id":40,
          "title":"\"Offence.\"",
          "description":"Except in the [chapters] and sections mentioned in clauses 2 and 3 of this section, the word 'offence' denotes a thing made punishable by this Code."
       },
       {
          "id":41,
          "title":"\"Special law\"",
          "description":"A 'special law' is a law applicable to a particular subject."
       },
       {
          "id":42,
          "title":"\"Local Law\"",
          "description":"A 'local law' is a law applicable only to a particular part of [the territories comprised in [Pakistan]]."
       },
       {
          "id":43,
          "title":"\"Illegal.\" \"Legally bound, to do.\"",
          "description":"The word 'illegal' is applicable to everything which is an offence or which is prohibited by law, or which furnishes ground for a civil action, and a person is said to be 'legally bound to do' whatever it is illegal in him to omit."
       },
       {
          "id":44,
          "title":"\"Injury.\"",
          "description":"The word 'injury' denotes any harm whatever illegally caused to any person, in body, mind, reputation, or property."
       },
       {
          "id":45,
          "title":"\"Life.\"",
          "description":"The word 'life' denotes the life of a human being unless the contrary appears from the context."
       },
       {
          "id":46,
          "title":"\"Death.\"",
          "description":"The word 'death' denotes the death of a human being unless the contrary appears from the context."
       },
       {
          "id":47,
          "title":"\"Animal.\"",
          "description":"The word 'animal' denotes any living creature, other than a human being."
       },
       {
          "id":48,
          "title":"\"Vessel.\"",
          "description":"The word 'vessel' denotes anything made for the conveyance by water of human beings or of property."
       },
       {
          "id":49,
          "title":"\"Year.\" \"Month.\"",
          "description":"Wherever the word 'year' or the word 'month' is used, it is to be understood that the year or the month is to be reckoned according to the British calendar."
       },
       {
          "id":50,
          "title":"\"Section.\"",
          "description":"The word 'section' denotes one of those portions of a chapter of this Code which are distinguished by prefixed numeral figures."
       },
       {
          "id":51,
          "title":"\"Oath.\"",
          "description":"The word 'oath' includes a solemn affirmation substituted by law for an oath, and any declaration required or authorized by law to be made before a public servant or to be used for the purpose of proof, whether in a Court of Justice or not."
       },
       {
          "id":52,
          "title":"\"Good faith.\"",
          "description":"Nothing is said to be done or believed in 'good faith' which is done or believed without due care and attention. [52A. 'Harbour.' Except in section 157, and in section 130 in the case in which the harbour is given by the wife or husband of the person harboured, the word 'harbour' includes the supplying a person with shelter, food, drink, money, clothes, arms, ammunition or means of conveyance, or the assisting a person by any means, whether of the same kind as those enumerated in this section or not, to evade apprehension.]"
       },
       {
          "id":53,
          "title":"Punishments",
          "description":"The punishments to which offenders are liable under the provisions of this Code are: Firstly, Qisas; Secondly, Diyat; Thirdly, Arsh; Fourthly, Daman; Fifthly, Ta'zir; Sixthly, Death; Seventhly, Imprisonment for life; Eighthly, Imprisonment which is of two descriptions, namely: (i) Rigorous i.e., with hard labour; (ii) Simple; Ninthly, Forfeiture of property; Tenthly, Fine."
       },
       {
          "id":54,
          "title":"Commutation of sentence of death",
          "description":"In every case in which a sentence of death shall have been passed, the Federal Government or the Provincial Government of the Province within which the offender shall have been sentenced may, without the consent of the offender, commute the punishment for any other punishment provided by this Code. Provided that, in a case in which a sentence of death shall have been passed against an offender convicted for an offence of qatl, such sentence shall not be commuted without the consent of the heirs of the victim."
       },
       {
          "id":55,
          "title":"Commutation of sentence of imprisonment for life",
          "description":"In every case in which a sentence of imprisonment for life shall have been passed, the Provincial Government of the Province within which the offender shall have been sentenced may, without the consent of the offender, commute the punishment for imprisonment of either description for a term not exceeding fourteen years. Provided that, in a case in which a sentence of imprisonment for life shall have been passed against an offender convicted for an offence punishable under Chapter XVI, such punishment shall not be commuted without the consent of the victim or, as the case may be, of his heirs."
       },
       {
          "id":56,
          "title":"Sentence of Europeans and Americans to penal servitude",
          "description":"This section has been repealed by the Criminal Law (Extinction of Discriminatory Privileges) Act, 1949 (II of 1950), Schedule."
       },
       {
          "id":57,
          "title":"Fractions of terms of punishment",
          "description":"In calculating fractions of terms of punishment, imprisonment for life shall be reckoned as equivalent to imprisonment for twenty-five years."
       },
       {
          "id":58,
          "title":"Offenders sentenced to transportation how dealt with until transported",
          "description":"Omitted by the Law Reforms Ordinance, 1972 (XII of 1972), s. 2 and Sch."
       },
       {
          "id":59,
          "title":"Transportation instead of imprisonment",
          "description":"Omitted by the Law Reforms Ordinance, 1972 (XII of 1972), s. 2 and Sch."
       },
       {
          "id":60,
          "title":"Sentence may be (in certain cases of imprisonment) wholly or partly rigorous or simple",
          "description":"In every case in which an offender is punishable with imprisonment which may be of either description, it shall be competent to the Court which sentences such offender to direct in the sentence that such imprisonment shall be wholly rigorous, or that such imprisonment shall be wholly simple, or that any part of such imprisonment shall be rigorous and the rest simple."
       },
       {
          "id":61,
          "title":"Sentence of forfeiture of property",
          "description":"Repealed by the India Penal Code (Amdt.) Act, 1921 (XVI of 1921), s. 4."
       },
       {
          "id":62,
          "title":"Forfeiture of property, in respect of offenders punishable with death, transportation or imprisonment",
          "description":"Repealed by the Indian Penal Code (Amdt.) Act, 1921 (XVI of 1921), s. 4."
       },
       {
          "id":63,
          "title":"Amount of fine",
          "description":"Where no sum is expressed to which a fine may extend, the amount of fine to which the offender is liable is unlimited but shall not be excessive."
       },
       {
          "id":64,
          "title":"Sentence of imprisonment for non­payment of fine",
          "description":"In every case of an offence punishable with imprisonment as well as fine, in which the offender is sentenced to a fine, whether with or without imprisonment, and in every case of an offence punishable with imprisonment or fine, or with fine only, in which the offender is sentenced to a fine, it shall be competent to the Court which sentences such offender to direct by the sentence that, in default of payment of the fine, the offender shall suffer imprisonment for a certain term, which imprisonment shall be in excess of any other imprisonment to which he may have been sentenced or to which he may be liable under a commutation of a sentence."
       },
       {
          "id":65,
          "title":"Limit to imprisonment for non­payment of fine, when imprisonment and fine awardable",
          "description":"The term for which the Court directs the offender to be imprisoned in default of payment of a fine shall not exceed one­fourth of the term of imprisonment which is the maximum fixed for the offence if the offence be punishable with imprisonment as well as fine."
       },
       {
          "id":66,
          "title":"Description of imprisonment for non­payment of fine",
          "description":"The imprisonment which the Court imposes in default of payment of a fine may be of any description to which the offender might have been sentenced for the offence."
       },
       {
          "id":67,
          "title":"Imprisonment for non­payment of fine, when offence punishable with fine only",
          "description":"If the offence be punishable with fine only, the imprisonment which the Court imposes in default of payment of the fine shall be simple, and the term for which the Court directs the offender to be imprisoned, in default of payment of fine, shall not exceed the following scale: for any term not exceeding two months when the amount of the fine shall not exceed fifty rupees, and for any term not exceeding four months when the amount shall not exceed one hundred rupees, and for any term not exceeding six months in any other case."
       },
       {
          "id":68,
          "title":"Imprisonment to terminate on payment of fine",
          "description":"The imprisonment which is imposed in default of payment of a fine shall terminate whenever that time is either paid or levied by process of law."
       },
       {
          "id":69,
          "title":"Termination of imprisonment on payment of proportional part of fine",
          "description":"If, before the expiration of the term of imprisonment fixed in default of payment, such a proportion of the fine be paid or levied that the term of imprisonment suffered in default of payment is not less than proportional to the part of the fine still unpaid, the imprisonment shall terminate."
       },
       {
          "id":70,
          "title":"Fine leviable within six years, or during imprisonment. Death not to discharge property from liability.",
          "description":"The fine, or any part thereof which remains unpaid, may be levied at any time within six years after the passing of the sentence, and if, under the sentence, the offender be liable to imprisonment for a longer period than six years, then at any time previous to the expiration of that period; and the death of the offender does not discharge from the liability any property which would, after his death, be legally liable for his debts."
       },
       {
          "id":71,
          "title":"Limit of punishment of offence made up of several offences.",
          "description":"Where anything which is an offence is made up of parts, any of which parts is itself an offence, the offender shall not be punished with the punishment of more than one of such his offences, unless it be so expressly provided."
       },
       {
          "id":72,
          "title":"Punishment of person guilty of one of several offences, the judgment stating that it is doubtful of which.",
          "description":"In all cases in which judgment is given that a person is guilty of one of several offences specified in the judgment, but that it is doubtful of which of these offences he is guilty, the offender shall be punished for the offence for which the lowest punishment is provided if the same punishment is not provided for all."
       },
       {
          "id":73,
          "title":"Solitary confinement.",
          "description":"Whenever any person is convicted of an offence for which under this Code the Court has power to sentence him to rigorous imprisonment, the Court may, by its sentence, order that the offender shall be kept in solitary confinement for any portion or portions of the imprisonment to which he is sentenced, not exceeding three months in the whole, according to the following scale"
       },
       {
          "id":72,
          "title":"Punishment of person guilty of one of several offences, the judgment stating that it is doubtful of which.",
          "description":"In all cases in which judgment is given that a person is guilty of one of several offences specified in the judgment, but that it is doubtful of which of these offences he is guilty, the offender shall be punished for the offence for which the lowest punishment is provided if the same punishment is not provided for all."
       },
       {
          "id":73,
          "title":"Solitary confinement.",
          "description":"Whenever any person is convicted of an offence for which under this Code the Court has power to sentence him to rigorous imprisonment, the Court may, by its sentence, order that the offender shall be kept in solitary confinement for any portion or portions of the imprisonment to which he is sentenced, not exceeding three months in the whole, according to the following scale"
       },
       {
          "id":74,
          "title":"Limit of solitary confinement.",
          "description":"In executing a sentence of solitary confinement, such confinement shall in no case exceed fourteen days at a time, with intervals between the period of solitary confinement of not less duration than such periods, and when the imprisonment awarded shall exceed three months, the solitary confinement shall not exceed seven days in any one month of the whole imprisonment awarded, with intervals between the periods of solitary confinement of not less duration than such periods."
       },
       {
          "id":75,
          "title":"Enhanced punishment for certain offences under Chapter XII or Chapter XVII after previous conviction.",
          "description":"Whoever, having been convicted, (a) by a Court in Pakistan of an offence punishable under Chapter XII or Chapter XVII of this Code with imprisonment of either description for a term of three years or upwards, or shall be guilty of any offence punishable under either of those Chapters with like imprisonment for the like term, shall be subject for every such subsequent offence to imprisonment for life, or to imprisonment of either description for a term which may extend to ten years."
       },
       {
          "id":76,
          "title":"Act done by a person bound, or by mistake of fact believing himself bound, by law.",
          "description":"Nothing is an offence which is done by a person who is, or who by reason of a mistake of fact and not by reason of a mistake of law in good faith believes himself to be, bound by law to do it."
       },
       {
          "id":77,
          "title":"Act of Judge when acting judicially.",
          "description":"Nothing is an offence which is done by a Judge when acting judicially in the exercise of any power which is, or which in good faith he believes to be, given to him by law."
       },
       {
          "id":78,
          "title":"Act done pursuant to the judgment or order of Court.",
          "description":"Nothing which is done in pursuance of, or which is warranted by the judgment or order of, a Court of Justice, if done whilst such judgment or order remains in force, is an offence, notwithstanding the Court may have had no jurisdiction to pass such judgment or order, provided the person doing the act in good faith believes that the Court had such jurisdiction."
       },
       {
          "id":79,
          "title":"Act done by a person justified, or by mistake of fact believing himself justified, by law.",
          "description":"Nothing is an offence which is done by any person who is justified by law, or who by reason of a mistake of fact and not by reason of a mistake of law in good faith, believes himself to be justified by law, in doing it."
       },
       {
          "id":80,
          "title":"Accident in doing a lawful act.",
          "description":"Nothing is an offence which is done by accident or misfortune, and without any criminal intention or knowledge in the doing of a lawful act in a lawful manner by lawful means and with proper care and caution."
       },
       {
          "id":81,
          "title":"Act likely to cause harm, but done without criminal intent, and to prevent other harm.",
          "description":"Nothing is an offence merely by reason of its being done with the knowledge that it is likely to cause harm, if it be done without any criminal intention to cause harm, and in good faith for the purpose of preventing or avoiding other harm to person or property."
       },
       {
          "id":82,
          "title":"Act of child under seven years of age.",
          "description":"Nothing is an offence which is done by a child under ten years of age."
       },
       {
          "id":83,
          "title":"Act of a child above seven and under twelve of immature understanding.",
          "description":"Nothing is an offence which is done by a child above ten years of age and under fourteen, who has not attained sufficient maturity of understanding to judge of the nature and consequences of his conduct on that occasion."
       },
       {
          "id":84,
          "title":"Act of a person of unsound mind.",
          "description":"Nothing is an offence which is done by a person who, at the time of doing it, by reason of unsoundness of mind, is incapable of knowing the nature of the act, or that he is doing what is either wrong or contrary to law."
       },
       {
          "id":85,
          "title":"Act of a person incapable of judgment by reason of intoxication caused against his will.",
          "description":"Nothing is an offence which is done by a person who, at the time of doing it, is, by reason of intoxication, incapable of knowing the nature of the act, or that he is doing what is either wrong, or contrary to law: provided that the thing which intoxicated him was administered to him without his knowledge or against his will."
       },
       {
          "id":86,
          "title":"Offence requiring a particular intent or knowledge committed by one who is intoxicated.",
          "description":"In cases where an act done is not an offence unless done with a particular knowledge or intent, a person who does the act in a state of intoxication shall be liable to be dealt with as if he had the same knowledge as he would have had if he had not been intoxicated, unless the thing which intoxicated him was administered to him without his knowledge or against his will."
       },
       {
          "id":87,
          "title":"Act not intended and not known to be likely to cause death or grievous hurt, done by consent.",
          "description":"Nothing which is not intended to cause death, or grievous hurt, and which is not known by the doer to be likely to cause death, or grievous hurt, is an offence by reason of any harm which it may cause, or be intended by the doer to cause, to any person, above eighteen years of age, who has given consent, whether express or implied, to suffer that harm; or by reason of any harm which it may be known by the doer to be likely to cause to any such person who has consented to take the risk of that harm."
       },
       {
          "id":88,
          "title":"Act not intended to cause death, done by consent in good faith for person’s benefit.",
          "description":"Nothing, which is not intended to cause death, is an offence by reason of any harm which it may cause, or be intended by the doer to cause, or be known by the doer to be likely to cause, to any person for whose benefit it is done in good faith, and who has given a consent, whether express or implied, to suffer that harm, or to take the risk of that harm."
       },
       {
          "id":89,
          "title":"Act done in good faith for the benefit of child or insane person, by or by consent of guardian.",
          "description":"Nothing which is done in good faith for the benefit of a person under twelve years of age, or of unsound mind, by or by consent, either express or implied, of the guardian or other person having lawful charge of that person, is an offence by reason of any harm which it may cause, or be intended by the doer to cause or be known by the doer to be likely to cause to that person."
       },
       {
          "id":90,
          "title":"Consent known to be given under fear or misconception.",
          "description":"A consent is not such a consent as is intended by any section of this Code, if the consent is given by a person under fear of injury, or under a misconception of fact, and if the person doing the act knows, or has reason to believe, that the consent was given in consequence of such fear or misconception."
       },
       {
          "id":91,
          "title":"Exclusion of acts which are offences independently of harm caused.",
          "description":"The exceptions in sections 87, 88, and 89 do not extend to acts which are offences independently of any harm which they may cause, or be intended to cause, or be known to be likely to cause, to the person giving the consent, or on whose behalf the consent is given."
       },
       {
          "id":92,
          "title":"Act done in good faith for the benefit of a person without consent.",
          "description":"Nothing is an offence by reason of any harm which it may cause to a person for whose benefit it is done in good faith, even without that person's consent, if the circumstances are such that it is impossible for that person to signify consent, or if that person is incapable of giving consent, and has no guardian or other person in lawful charge of him from whom it is possible to obtain consent in time for the thing to be done with benefit."
       },
       {
          "id":93,
          "title":"Communication made in good faith.",
          "description":"No communication made in good faith is an offence by reason of any harm to the person to whom it is made, if it is made for the benefit of that person."
       },
       {
          "id":94,
          "title":"Act to which a person is compelled by threats.",
          "description":"Except murder, and offences against the State punishable with death, nothing is an offence which is done by a person who is compelled to do it by threats, which, at the time of doing it, reasonably cause the apprehension that instant death to that person will otherwise be the consequence. Provided the person doing the act did not of his own accord, or from a reasonable apprehension of harm to himself short of instant death, place himself in the situation by which he became subject to such constraint."
       },
       {
          "id":95,
          "title":"Act causing slight harm.",
          "description":"Nothing is an offence by reason that it causes, or that it is intended to cause, or that it is known to be likely to cause, any harm, if that harm is so slight that no person of ordinary sense and temper would complain of such harm."
       },
       {
          "id":96,
          "title":"Things done in private defence.",
          "description":"Nothing is an offence which is done in the exercise of the right of private defence."
       },
       {
          "id":97,
          "title":"Right of private defence of the body and of property.",
          "description":"Every person has a right, subject to the restrictions contained in section 99, to defend:\n\nFirst. His own body, and the body of any other person, against any offence affecting the human body."
       },
       {
          "id":98,
          "title":"Right of private defence against the act of a person of unsound mind, etc.",
          "description":"When an act, which would otherwise be a certain offence, is not that offence, by reason of the youth, the want of maturity of understanding, the unsoundness of mind or the intoxication of the person doing that act, or by reason of any misconception on the part of that person, every person has the same right of private defence against that act which he would have if the act were that offence."
       },
       {
          "id":99,
          "title":"Acts against which there is no right of private defence.",
          "description":"There is no right of private defence against an act which does not reasonably cause the apprehension of death or of grievous hurt, if done, or attempted to be done by a public servant acting in good faith under colour of his office, though that act may not be strictly justifiable by law."
       },
       {
          "id":100,
          "title":"When the right of private defence of the body extends to causing death.",
          "description":"The right of private defence of the body extends, under the restrictions mentioned in the last preceding section, to the voluntary causing of death or of any other harm to the assailant, if the offence which occasions the exercise of the right be of any of the descriptions hereinafter enumerated, namely"
       },
       {
          "id":101,
          "title":"When such right extends to causing any harm other than death.",
          "description":"If the offence be not of any of the descriptions enumerated in the last preceding section, the right of private defence of the body does not extend to the voluntary causing of death to the assailant, but does extend, under the restrictions mentioned in section 99 to the voluntary causing to the assailant of any harm other than death."
       },
       {
          "id":102,
          "title":"Commencement and continuance of the right of private defence of the body.",
          "description":"The right of private defence of the body commences as soon as a reasonable apprehension of danger to the body arises from an attempt or threat to commit the offence though the offence may not have been committed; and it continues as long as such apprehension of danger to the body continues."
       },
       {
          "id":103,
          "title":"When the right of private defence of property extends to causing death.",
          "description":"The right of private defence of property extends, under the restrictions mentioned in section 99, to the voluntary causing of death or of any other harm to the wrong-doer, if the offence, the committing of which, or the attempting to commit which, occasions the exercise of the right, be an offence of any of the descriptions hereinafter enumerated, namely"
       },
       {
          "id":104,
          "title":"When such right extends to causing any harm other than death.",
          "description":"If the offence, the committing of which, or the attempting to commit which, occasions the exercise of the right of private defence, be theft, mischief, or criminal trespass, not of any of the descriptions enumerated in the last preceding section, that right does not extend to the voluntary causing of death, but does extend, subject to the restrictions mentioned in section 99, to the voluntary causing to the wrong-doer of any harm other than death."
       },
       {
          "id":105,
          "title":"Commencement and continuance of the right of private defence of property.",
          "description":"The right of private defence of property commences when a reasonable apprehension of danger to the property commences"
       },
       {
          "id":106,
          "title":"Right of private defence against deadly assault when there is a risk of harm to an innocent person.",
          "description":"If in the exercise of the right of private defence against an assault which reasonably causes the apprehension of death, the defender is so situated that he cannot effectively exercise that right without risk of harm to an innocent person, his right of private defence extends to the running of that risk."
       },
       {
          "id":107,
          "title":"Abetment of a thing.",
          "description":"A person abets the doing of a thing who—\nFirst.— Instigates any person to do that thing."
       },
       {
          "id":108,
          "title":"Abettor.",
          "description":"A person abets an offence, who abets either the commission of an offence, or the commission of an act which would be an offence if committed by a person capable by law of committing an offence with the same intention or knowledge as that of the abettor."
       },
       {
          "id":109,
          "title":"Punishment of abetment if the act abetted is committed in consequence and where no express provision is made for its punishment.",
          "description":"Whoever abets any offence shall, if the act abetted is committed in consequence of the abetment, and no express provision is made by this Code for the punishment of such abetment, be punished with the punishment provided for the offence."
       },
       {
          "id":110,
          "title":"Punishment of abetment if the person abetted does act with different intention from that of abettor.",
          "description":"Whoever abets the commission of an offence shall, if the person abetted does the act with a different intention or knowledge from that of the abettor, be punished with the punishment provided for the offence which would have been committed if the act had been done with the intention or knowledge of the abettor and with no other."
       },
       {
          "id":111,
          "title":"Liability of abettor when one act abetted and different act done.",
          "description":"When an act is abetted and a different act is done, the abettor is liable for the act done, in the same manner and to the same extent as if he had directly abetted it."
       },
       {
          "id":112,
          "title":"Abettor when liable to cumulative punishment for act abetted and for act done.",
          "description":"If the act for which the abettor is liable under the last preceding section is committed in addition to the act abetted, and constitutes a distinct offence, the abettor is liable to punishment for each of the offences."
       },
       {
          "id":113,
          "title":"Liability of abettor for an effect caused by the act abetted different from that intended by the abettor.",
          "description":"When an act is abetted with the intention on the part of the abettor of causing a particular effect, and an act for which the abettor is liable in consequence of the abetment, causes a different effect from that intended by the abettor, the abettor is liable for the effect caused, in the same manner and to the same extent as if he had abetted the act with the intention of causing that effect, provided he knew that the act abetted was likely to cause that effect."
       },
       {
          "id":114,
          "title":"Abettor present when the offence is committed.",
          "description":"Whenever any person, who if absent would be liable to be punished as an abettor, is present when the act or offence for which he would be punishable in consequence of the abetment is committed, he shall be deemed to have committed such act or offence."
       },
       {
          "id":115,
          "title":"Abetment of an offence punishable with death or imprisonment for life if the offence is not committed.",
          "description":"Whoever abets the commission of an offence punishable with death or imprisonment for life shall, if that offence be not committed in consequence of the abetment, and no express provision is made by this Code for the punishment of such abetment, be punished with imprisonment of either description for a term which may extend to seven years, and shall also be liable to fine."
       },
       {
          "id":116,
          "title":"Abetment of offence punishable with imprisonment if the offence be not committed.",
          "description":"Whoever abets an offence punishable with imprisonment shall, if that offence be not committed in consequence of the abetment, and no express provision is made by this Code for the punishment of such abetment, be punished with imprisonment of any description provided for that offence for a term which may extend to one-fourth part of the longest term provided for that offence, or with such fine as is provided for that offence, or with both."
       },
       {
          "id":117,
          "title":"Abetting commission of an offence by the public or by more than ten persons.",
          "description":"Whoever abets the commission of an offence by the public generally or by any number or class of persons exceeding ten, shall be punished with imprisonment of either description for a term which may extend to three years, or with fine, or with both."
       },
       {
          "id":118,
          "title":"Concealing design to commit an offence punishable with death or imprisonment for life.",
          "description":"Whoever intending to facilitate or knowing it to be likely that he will thereby facilitate the commission of an offence punishable with death or imprisonment for life shall, if the offence be not committed in consequence of the abetment, and no express provision is made by this Code for the punishment of such abetment, be punished with imprisonment of any description provided for that offence for a term which may extend to one-fourth part of the longest term provided for that offence, or with such fine as is provided for that offence, or with both."
       },
       {
          "id":119,
          "title":"Public servant concealing the design to commit an offence which it is his duty to prevent.",
          "description":"Whoever, being a public servant intending to facilitate or knowing it to be likely that he will thereby facilitate the commission of an offence which it is his duty as such public servant to prevent shall, if the offence be not committed in consequence of the abetment, and no express provision is made by this Code for the punishment of such abetment, be punished with imprisonment of any description provided for that offence for a term which may extend to one-fourth part of the longest term provided for that offence, or with such fine as is provided for that offence, or with both."
       },
       {
          "id":120,
          "title":"Concealing design to commit an offence punishable with imprisonment.",
          "description":"Whoever, intending to facilitate or knowing it to be likely that he will thereby facilitate the commission of an offence punishable with imprisonment."
       },
       {
          "id":121,
          "title":"Waging or attempting to wage war or abetting waging of war against Pakistan.",
          "description":"Whoever wages war against Pakistan, or attempts to wage such war, or abets the waging of such war, shall be punished with death, or imprisonment for life, and shall also be liable to fine."
       },
       {
          "id":122,
          "title":"Collecting arms, etc., with the intention of waging war against Pakistan.",
          "description":"Whoever collects men, arms, or ammunition or otherwise prepares to wage war with the intention of either waging or being prepared to wage war against Pakistan, shall be punished with imprisonment for life or imprisonment of either description for a term not exceeding ten years, and shall also be liable to fine."
       },
       {
          "id":123,
          "title":"Concealing with intent to facilitate design to wage war.",
          "description":"Whoever, by any act, or by any illegal omission, conceals the existence of a design to wage war against Pakistan, intending by such concealment to facilitate, or knowing it to be likely that such concealment will facilitate the waging of such war, shall be punished with imprisonment of either description for a term which may extend to ten years, and shall also be liable to fine."
       },
       {
          "id":124,
          "title":"Assaulting the President, Governor, etc., with intent to compel or restrain the exercise of any lawful power.",
          "description":"Whoever, with the intention of inducing or compelling the President of Pakistan, or the Governor of any Province, to exercise or refrain from exercising in any manner any of the lawful powers of the President or Governor."
       },
       {
          "id":125,
          "title":"Waging war against any [* * *] Power in alliance with Pakistan.",
          "description":"Whoever wages war against the Government of any [* * *] Power in alliance or at peace with Pakistan or attempts to wage such war, or abets the waging of such war, shall be punished with imprisonment for life, to which fine may be added, or with imprisonment of either description for a term which may extend to seven years, to which fine may be added, or with fine."
       },
       {
          "id":126,
          "title":"Committing depredation on territories of Power at peace with Pakistan.",
          "description":"Whoever commits depredation, or makes preparations to commit depredation, on the territories of any Power in alliance or at peace with Pakistan, shall be punished with imprisonment of either description for a term which may extend to seven years, and shall also be liable to fine and to forfeiture of any property used or intended to be used in committing such depredation, or acquired by such depredation."
       },
       {
          "id":127,
          "title":"Receiving property taken by war or depredation mentioned in sections 125 and 126.",
          "description":"Whoever receives any property knowing the same to have been taken in the commission of any of the offenses mentioned in sections 125 and 126 shall be punished with imprisonment of either description for a term which may extend to seven years, and shall also be liable to fine and to forfeiture of the property so received."
       },
       {
          "id":128,
          "title":"Public servant voluntarily allowing a prisoner of State or war to escape.",
          "description":"Whoever, being a public servant and having the custody of any State prisoner or prisoner of war, voluntarily allows such prisoner to escape from any place in which such prisoner is confined, shall be punished with imprisonment for life, or imprisonment of either description for a term which may extend to ten years, and shall also be liable to fine."
       },
       {
          "id":129,
          "title":"Public servant negligently suffering such a prisoner to escape.",
          "description":"Whoever, being a public servant and having the custody of any State prisoner or prisoner of war, negligently suffers such prisoner to escape from any place of confinement in which such prisoner is confined, shall be punished with simple imprisonment for a term which may extend to three years, and shall also be liable to fine."
       },
       {
          "id":130,
          "title":"Aiding escape of, rescuing or harboring such a prisoner.",
          "description":"Whoever knowingly aids or assists any State prisoner or prisoner of war in escaping from lawful custody, or rescues or attempts to rescue any such prisoner, or harbors or conceals any such prisoner who has escaped from lawful custody, or offers or attempts to offer any resistance to the recapture of such prisoner shall be punished with imprisonment for life, or with imprisonment of either description for a term which may extend to ten years, and shall also be liable to fine."
       },
       {
          "id":131,
          "title":"Abetting mutiny, or attempting to seduce a soldier, sailor or airman from his duty.",
          "description":"Whoever abets the committing of mutiny by an officer, soldier, sailor or airman in the Army, Navy or Air Force of Pakistan, or attempts to seduce any such officer, soldier, sailor or airman from his allegiance or his duty, shall be punished with imprisonment for life or with imprisonment of either description for a term which may extend to ten years, and shall also be liable to fine."
       },
       {
          "id":132,
          "title":"Abetment of mutiny, if mutiny is committed in consequence thereof.",
          "description":"Whoever abets the committing of mutiny by an officer, soldier, sailor or airman in the Army, Navy or Air Force of Pakistan, shall, if mutiny be committed in consequence of that abetment, be punished with death or with imprisonment for life or imprisonment of either description for a term which may extend to ten years, and shall also be liable to fine."
       },
       {
          "id":133,
          "title":"Abetment of assault by soldier, sailor or airman on his superior officer, when in execution of his office.",
          "description":"Whoever abets an assault by an officer, soldier, sailor or airman in the Army, Navy or Air Force of Pakistan, on any superior officer being in the execution of his office, shall be punished with imprisonment of either description for a term which may extend to three years, and shall also be liable to fine."
       },
       {
          "id":134,
          "title":"Abetment of such assault, if the assault is committed.",
          "description":"Whoever abets an assault by an officer, soldier, sailor or airman in the Army, Navy or Air Force of Pakistan, on any superior officer being in the execution of his office, shall, if such assault be committed in consequence of that abetment be punished with imprisonment of either description for a term which may extend to seven years, and shall also be liable to fine."
       },
       {
          "id":135,
          "title":"Abetment of desertion of soldier, sailor or airman.",
          "description":"Whoever abets the desertion of any officer, soldier, sailor or airman in the Army, Navy or Air Force of Pakistan, shall be punished with imprisonment of either description for a term which may extend to two years, or with fine, or with both."
       },
       {
          "id":136,
          "title":"Harbouring deserter",
          "description":"Whoever, except as hereinafter excepted, knowing or having reason to believe that an officer, soldier, [sailor or airman], in the Army, [Navy or Air Force] of [Pakistan], has deserted, harbours such officer, soldier, [sailor or airman], shall be punished with imprisonment of either description for a term which may extend to two years, or with fine, or with both."
       },
       {
          "id":137,
          "title":"Deserter concealed on board merchant vessel through negligence of master",
          "description":"The master or person in charge of a merchant vessel, on board of which any deserter from the Army, [Navy or Air Force] of [Pakistan] is concealed, shall, though ignorant of such concealment, be liable to a penalty not exceeding [one thousand five hundred rupees], if he might have known of such concealment but for some neglect of his duty as such master or person in charge, or but for some want of discipline on board of the vessel."
       },
       {
          "id":138,
          "title":"Abetment of act of insubordination by soldier, sailor or airman",
          "description":"Whoever abets what he knows to be an act of insubordination by an officer, soldier, [sailor or airman], in the Army, [Navy or Air Force] of [Pakistan], shall, if such act of insubordination be committed in consequence of that abetment, be punished with imprisonment of either description for a term which may extend to six months, or with fine, or with both."
       },
       {
          "id":138,
          "title":"Application of foregoing sections to the Indian Marine Service",
          "description":"Rep. by the Amending Act, 1934 (XXXV of 1934), s. 2 and Sch."
       },
       {
          "id":139,
          "title":"Persons subject to certain Acts",
          "description":"No person subject to the Pakistan Army Act, 1952, (XXXIX of 1952) of the Pakistan Air Force Act, 1953, (VI of 1953) or the Pakistan Navy Ordinance, 1961 (XXXV of 1961) is subject to punishment under this Code for any of the offences defined in this Chapter."
       },
       {
          "id":140,
          "title":"Wearing garb or carrying token used by soldier, sailor or airman",
          "description":"Whoever, not being a soldier, [sailor or airman] in the Military, [Naval or Air] service of [Pakistan], wears any garb or carries any token resembling any garb or token used by such a soldier [sailor or airman] with the intention that it may be believed that he is such a soldier, [sailor or airman], shall be punished with imprisonment of either description for a term which may extend to three months, or with fine which may extend to [one thousand five hundred rupees], or with both."
       },
       {
          "id":141,
          "title":"Unlawful assembly",
          "description":"An assembly of five or more persons is designated an “unlawful assembly,” if the common object of the persons composing that assembly is: First. To overawe by criminal force, or show of criminal force, the Federal or any Provincial Government or Legislature, or any public servant in the exercise of the lawful power of such public servant."
       },
       {
          "id":142,
          "title":"Being Member of unlawful assembly",
          "description":"Whoever, being aware of facts which render any assembly an unlawful assembly, intentionally joins that assembly, or continues in it, is said to be a member of an unlawful assembly."
       },
       {
          "id":143,
          "title":"Punishment",
          "description":"Whoever is a member of an unlawful assembly, shall be punished with imprisonment of either description for a term which may extend to six months, or with fine, or with both."
       },
       {
          "id":144,
          "title":"Joining unlawful assembly armed with deadly weapon",
          "description":"Whoever, being armed with any deadly weapon, or with anything which, used as a weapon of offence, is likely to cause death, is a member of an unlawful assembly, shall be punished with imprisonment of either description for a term which may extend to two years, or with fine, or with both."
       },
       {
          "id":145,
          "title":"Joining or continuing in unlawful assembly, knowing it has been commanded to disperse",
          "description":"Whoever joins or continues in an unlawful assembly, knowing that such unlawful assembly has been commanded in the manner prescribed by law to disperse, shall be punished with imprisonment of either description for a term which may extend to two years, or with fine, or with both."
       },
       {
          "id":146,
          "title":"Rioting",
          "description":"Whenever force or violence is used by an unlawful assembly, or by any member thereof, in prosecution of the common object of such assembly, every member of such assembly is guilty of the offence of rioting."
       },
       {
          "id":147,
          "title":"Punishment for rioting",
          "description":"Whoever is guilty of rioting, shall be punished with imprisonment of either description for a term which may extend to two years, or with fine, or with both."
       },
       {
          "id":148,
          "title":"Rioting, armed with deadly weapon",
          "description":"Whoever is guilty of rioting, being armed with a deadly weapon or with anything which, used as a weapon of offence, is likely to cause death, shall be punished with imprisonment of either description for a term which may extend to three years, or with fine, or with both."
       },
       {
          "id":149,
          "title":"Every member of unlawful assembly guilty of offence committed in prosecution of common object",
          "description":"If an offence is committed by any member of an unlawful assembly in prosecution of the common object of that assembly, or such as the members of that assembly knew to be likely to be committed in prosecution of that object, every person who, at the time of the committing of that offence, is a member of the same assembly, is guilty of that offence."
       },
       {
          "id":150,
          "title":"Hiring, or conniving at hiring, of persons to join unlawful assembly",
          "description":"Whoever hires or engages, or employs, or promotes, or connives at the hiring, engagement, or employment of any person to join or become a member of any unlawful assembly, shall be punishable as a member of such unlawful assembly, and for any offence which may be committed by any such person as a member of such unlawful assembly in pursuance of such hiring, engagement, or employment, in the same manner as if he had been a member of such unlawful assembly, or himself had committed such offence."
       }
    ]
 }